ID,Case Number,Date,Block,IUCR,Primary Type,Description,Location Description,Arrest,Domestic,Beat,District,Ward,Community Area,FBI Code,X Coordinate,Y Coordinate,Year,Updated On,Latitude,Longitude,Location
9515294,HX170906,03/03/2014 05:00:00 AM,042XX N SACRAMENTO AVE,0486,BATTERY,DOMESTIC BATTERY SIMPLE,APARTMENT,false,true,1724,017,33,16,08B,1155656,1928230,2014,03/06/2014 12:40:43 AM,41.95886350688945,-87.70313718051338,"(41.95886350688945, -87.70313718051338)"
9515041,HX170423,03/03/2014 05:00:00 AM,027XX W ROOSEVELT RD,031A,ROBBERY,ARMED: HANDGUN,SIDEWALK,false,false,1135,011,28,29,03,1157985,1894634,2014,03/06/2014 12:40:43 AM,41.86662609103704,-87.69549335326732,"(41.86662609103704, -87.69549335326732)"
9514958,HX170406,03/03/2014 05:00:00 AM,026XX S TRUMBULL AVE,0486,BATTERY,DOMESTIC BATTERY SIMPLE,APARTMENT,true,false,1032,010,22,30,08B,1153839,1886028,2014,03/05/2014 12:39:37 AM,41.84309375579382,-87.71094284974166,"(41.84309375579382, -87.71094284974166)"
9515521,HX171359,03/03/2014 05:00:00 AM,033XX W IOWA ST,0910,MOTOR VEHICLE THEFT,AUTOMOBILE,STREET,false,false,1121,011,27,23,07,1153693,1905838,2014,03/05/2014 12:39:37 AM,41.89745744616799,-87.71095153853457,"(41.89745744616799, -87.71095153853457)"
9514971,HX170402,03/03/2014 05:00:00 AM,072XX S SOUTH SHORE DR,0486,BATTERY,DOMESTIC BATTERY SIMPLE,APARTMENT,false,true,0334,003,7,43,08B,1194730,1857934,2014,03/09/2014 12:39:51 AM,41.765091162390426,-87.56181045521458,"(41.765091162390426, -87.56181045521458)"
9515009,HX170527,03/03/2014 04:00:00 AM,061XX S CARPENTER ST,0910,MOTOR VEHICLE THEFT,AUTOMOBILE,STREET,false,false,0712,007,16,68,07,1170327,1864037,2014,03/06/2014 12:40:43 AM,41.78240436908766,-87.65107665948464,"(41.78240436908766, -87.65107665948464)"
9517369,HX170408,03/03/2014 04:00:00 AM,064XX S LOWE AVE,0486,BATTERY,DOMESTIC BATTERY SIMPLE,RESIDENCE,false,true,0723,007,16,68,08B,1173185,1862165,2014,03/09/2014 12:39:51 AM,41.77720468426889,-87.64065373846465,"(41.77720468426889, -87.64065373846465)"
9515092,HX170613,03/03/2014 04:00:00 AM,027XX W 22ND PL,0810,THEFT,OVER $500,RESIDENCE,false,false,1034,010,28,30,06,1158317,1888902,2014,03/05/2014 12:39:37 AM,41.85089010525553,-87.69443112812476,"(41.85089010525553, -87.69443112812476)"
9515406,HX171169,03/03/2014 04:00:00 AM,059XX W 64TH ST,0820,THEFT,$500 AND UNDER,STREET,false,false,0812,008,13,64,06,1137936,1861458,2014,03/06/2014 12:40:43 AM,41.77597100629908,-87.76989502726386,"(41.77597100629908, -87.76989502726386)"
9514955,HX170392,03/03/2014 03:40:00 AM,047XX S HOYNE AVE,0486,BATTERY,DOMESTIC BATTERY SIMPLE,APARTMENT,true,true,0931,009,12,61,08B,1163201,1873184,2014,03/05/2014 12:39:37 AM,41.80765707633289,-87.676946598001,"(41.80765707633289, -87.676946598001)"
9514959,HX170405,03/03/2014 03:40:00 AM,092XX S HALSTED ST,1811,NARCOTICS,POSS: CANNABIS 30GMS OR LESS,STREET,true,false,2223,022,21,73,18,1172641,1843592,2014,03/05/2014 12:39:37 AM,41.72625000704681,-87.6431941874127,"(41.72625000704681, -87.6431941874127)"
9515535,HX171087,03/03/2014 03:00:00 AM,0000X W ILLINOIS ST,1152,DECEPTIVE PRACTICE,ILLEGAL USE CASH CARD,BAR OR TAVERN,false,false,1831,018,42,8,11,1175706,1903631,2014,03/08/2014 12:40:21 AM,41.890934660435846,-87.63016746855398,"(41.890934660435846, -87.63016746855398)"
9514915,HX170379,03/03/2014 03:00:00 AM,001XX W DIVISION ST,1310,CRIMINAL DAMAGE,TO PROPERTY,RESTAURANT,false,false,1824,018,42,8,14,1175189,1908309,2014,03/05/2014 12:39:37 AM,41.903782943889055,-87.63192567805655,"(41.903782943889055, -87.63192567805655)"
9514946,HX170386,03/03/2014 03:00:00 AM,051XX W PATTERSON AVE,0497,BATTERY,AGGRAVATED DOMESTIC BATTERY: OTHER DANG WEAPON,RESIDENCE,false,true,1634,016,38,15,04B,1141372,1923741,2014,03/07/2014 12:40:58 AM,41.94682152905796,-87.75576266578298,"(41.94682152905796, -87.75576266578298)"
9514968,HX170413,03/03/2014 03:00:00 AM,006XX W GARFIELD BLVD,0890,THEFT,FROM BUILDING,RESIDENCE,false,false,0935,009,3,61,06,1173140,1868464,2014,03/05/2014 12:39:37 AM,41.7944908283433,-87.64063266719808,"(41.7944908283433, -87.64063266719808)"
9514923,HX170385,03/03/2014 02:40:00 AM,055XX S WABASH AVE,0486,BATTERY,DOMESTIC BATTERY SIMPLE,APARTMENT,false,true,0225,002,20,40,08B,1177620,1868237,2014,03/09/2014 12:39:51 AM,41.79376768409135,-87.62421159936949,"(41.79376768409135, -87.62421159936949)"
9514939,HX170380,03/03/2014 02:30:00 AM,001XX N LECLAIRE AVE,0486,BATTERY,DOMESTIC BATTERY SIMPLE,VEHICLE NON-COMMERCIAL,true,true,1532,015,28,25,08B,1142404,1900329,2014,03/05/2014 12:39:37 AM,41.8825573310823,-87.75255203508922,"(41.8825573310823, -87.75255203508922)"
9515037,HX170505,03/03/2014 02:30:00 AM,066XX S KOMENSKY AVE,0610,BURGLARY,FORCIBLE ENTRY,RESIDENCE-GARAGE,false,false,0833,008,13,65,05,1150469,1860403,2014,03/05/2014 12:39:37 AM,41.77284139758426,-87.72397678974758,"(41.77284139758426, -87.72397678974758)"
9515490,HX171240,03/03/2014 02:30:00 AM,008XX N ORLEANS ST,0486,BATTERY,DOMESTIC BATTERY SIMPLE,BAR OR TAVERN,false,true,1823,018,27,8,08B,1173794,1906438,2014,03/08/2014 12:40:21 AM,41.898680006397306,-87.63710557048903,"(41.898680006397306, -87.63710557048903)"
9514942,HX170388,03/03/2014 02:30:00 AM,002XX W NORTH AVE,0890,THEFT,FROM BUILDING,OTHER,false,false,1814,018,43,7,06,1174055,1911024,2014,03/05/2014 12:39:37 AM,41.91125840483872,-87.63601001468318,"(41.91125840483872, -87.63601001468318)"
9514933,HX170372,03/03/2014 02:28:00 AM,071XX S INGLESIDE AVE,0486,BATTERY,DOMESTIC BATTERY SIMPLE,RESIDENCE,true,false,0324,003,5,69,08B,1183751,1858007,2014,03/06/2014 12:40:43 AM,41.76555466676653,-87.60204889879688,"(41.76555466676653, -87.60204889879688)"
9514922,HX170367,03/03/2014 02:20:00 AM,055XX W NORTH AVE,1310,CRIMINAL DAMAGE,TO PROPERTY,SMALL RETAIL STORE,false,false,2532,025,37,25,14,1139013,1910124,2014,03/05/2014 12:39:37 AM,41.909498312637965,-87.76476568759429,"(41.909498312637965, -87.76476568759429)"
9514932,HX170377,03/03/2014 02:20:00 AM,105XX S WABASH AVE,0460,BATTERY,SIMPLE,STREET,false,false,0512,005,9,49,08B,1178488,1834805,2014,03/05/2014 12:39:37 AM,41.70200667252941,-87.62204214393161,"(41.70200667252941, -87.62204214393161)"
9514930,HX170366,03/03/2014 02:08:00 AM,002XX S HALSTED ST,0460,BATTERY,SIMPLE,RESTAURANT,false,false,1232,012,27,28,08B,1171054,1898923,2014,03/05/2014 12:39:37 AM,41.87811893603047,-87.64739000711374,"(41.87811893603047, -87.64739000711374)"
9514941,HX170387,03/03/2014 02:08:00 AM,011XX S MICHIGAN AVE,2825,OTHER OFFENSE,HARASSMENT BY TELEPHONE,HOTEL/MOTEL,false,false,0123,001,2,32,26,1177376,1895725,2014,03/06/2014 12:40:43 AM,41.86920244208267,-87.62427434416216,"(41.86920244208267, -87.62427434416216)"
9514924,HX170365,03/03/2014 02:05:00 AM,055XX S WABASH AVE,1310,CRIMINAL DAMAGE,TO PROPERTY,APARTMENT,false,false,0225,002,20,40,14,1177623,1868117,2014,03/07/2014 12:40:58 AM,41.79343832458245,-87.62420422837374,"(41.79343832458245, -87.62420422837374)"
9515212,HX170637,03/03/2014 02:01:00 AM,096XX S MERRION AVE,0486,BATTERY,DOMESTIC BATTERY SIMPLE,RESIDENCE,false,true,0431,004,7,51,08B,1192702,1841791,2014,03/06/2014 12:40:43 AM,41.72084303853002,-87.56976854573536,"(41.72084303853002, -87.56976854573536)"
9518672,HX172997,03/03/2014 02:00:00 AM,070XX S PEORIA ST,0910,MOTOR VEHICLE THEFT,AUTOMOBILE,STREET,false,false,0733,007,17,68,07,1171559,1858234,2014,03/09/2014 12:39:51 AM,41.766453333254724,-87.64672966588915,"(41.766453333254724, -87.64672966588915)"
9515783,HX171634,03/03/2014 02:00:00 AM,017XX N MC VICKER AVE,0820,THEFT,$500 AND UNDER,STREET,false,false,2513,025,29,25,06,1135850,1910889,2014,03/06/2014 12:40:43 AM,41.911654511411264,-87.77636711905951,"(41.911654511411264, -87.77636711905951)"
9514917,HX170371,03/03/2014 01:40:00 AM,005XX W DIVERSEY PKWY,0870,THEFT,POCKET-PICKING,BAR OR TAVERN,false,false,1935,019,43,7,06,1171973,1918828,2014,03/05/2014 12:39:37 AM,41.932719136778225,-87.64342787158414,"(41.932719136778225, -87.64342787158414)"
9514920,HX170360,03/03/2014 01:40:00 AM,006XX N STATE ST,0560,ASSAULT,SIMPLE,HOTEL/MOTEL,true,false,1832,018,42,8,08A,1176224,1904221,2014,03/05/2014 12:39:37 AM,41.892541986874626,-87.62824732890793,"(41.892541986874626, -87.62824732890793)"
9514926,HX170355,03/03/2014 01:30:00 AM,058XX W WASHINGTON BLVD,1320,CRIMINAL DAMAGE,TO VEHICLE,STREET,false,true,1513,015,29,25,14,1137281,1900109,2014,03/05/2014 12:39:37 AM,41.882047219076554,-87.7713693826003,"(41.882047219076554, -87.7713693826003)"
9514948,HX170364,03/03/2014 01:30:00 AM,005XX W 129TH PL,031A,ROBBERY,ARMED: HANDGUN,RESIDENCE,false,false,0523,005,34,53,03,1174719,1818748,2014,03/05/2014 12:39:37 AM,41.65802831923479,-87.63631871814194,"(41.65802831923479, -87.63631871814194)"
9514907,HX170352,03/03/2014 01:10:00 AM,039XX W 55TH ST,1811,NARCOTICS,POSS: CANNABIS 30GMS OR LESS,STREET,true,false,0822,008,23,62,18,1150928,1867792,2014,03/05/2014 12:39:37 AM,41.793109029339355,-87.72210165054597,"(41.793109029339355, -87.72210165054597)"
9514960,HX170381,03/03/2014 01:02:00 AM,037XX N ODELL AVE,0486,BATTERY,DOMESTIC BATTERY SIMPLE,RESIDENCE,false,true,1631,016,36,17,08B,1126381,1923733,2014,03/06/2014 12:40:43 AM,41.94706355181213,-87.8108664958921,"(41.94706355181213, -87.8108664958921)"
9514982,HX170429,03/03/2014 01:00:00 AM,085XX S COTTAGE GROVE AVE,0910,MOTOR VEHICLE THEFT,AUTOMOBILE,STREET,false,false,0632,006,6,44,07,1183006,1848720,2014,03/06/2014 12:40:43 AM,41.74008751563047,-87.6050676678111,"(41.74008751563047, -87.6050676678111)"
9514916,HX170353,03/03/2014 01:00:00 AM,001XX N CALIFORNIA AVE,5002,OTHER OFFENSE,OTHER VEHICLE OFFENSE,VEHICLE NON-COMMERCIAL,false,false,1222,012,2,27,26,1157671,1900610,2014,03/05/2014 12:39:37 AM,41.883031220200714,-87.69648330646002,"(41.883031220200714, -87.69648330646002)"
9515015,HX170351,03/03/2014 01:00:00 AM,082XX S SANGAMON ST,0496,BATTERY,AGGRAVATED DOMESTIC BATTERY: KNIFE/CUTTING INST,RESIDENCE,false,false,0613,006,21,71,04B,1171451,1850230,2014,03/06/2014 12:40:43 AM,41.74449169442011,-87.64735944904957,"(41.74449169442011, -87.64735944904957)"
9515415,HX171084,03/03/2014 01:00:00 AM,108XX S HOXIE AVE,1310,CRIMINAL DAMAGE,TO PROPERTY,RESIDENCE,false,false,0434,004,10,51,14,1195278,1833615,2014,03/06/2014 12:40:43 AM,41.698344214317785,-87.56060215403764,"(41.698344214317785, -87.56060215403764)"
9514910,HX170348,03/03/2014 01:00:00 AM,053XX W LAKE ST,2250,LIQUOR LAW VIOLATION,LIQUOR LICENSE VIOLATION,OTHER,true,false,1523,015,28,25,22,1140694,1902013,2014,03/05/2014 12:39:37 AM,41.88721002234722,-87.75878987839846,"(41.88721002234722, -87.75878987839846)"
9514936,HX170838,03/03/2014 01:00:00 AM,033XX N HALSTED ST,0460,BATTERY,SIMPLE,SIDEWALK,false,false,1924,019,44,6,08B,1170284,1922752,2014,03/09/2014 12:39:51 AM,41.943523885721454,-87.64951970247293,"(41.943523885721454, -87.64951970247293)"
9514925,HX170345,03/03/2014 12:45:00 AM,0000X E LAKE ST,1330,CRIMINAL TRESPASS,TO LAND,RESTAURANT,true,false,0111,001,42,32,26,1176598,1901710,2014,03/05/2014 12:39:37 AM,41.885643229254995,-87.62694971022832,"(41.885643229254995, -87.62694971022832)"
9514963,HX170416,03/03/2014 12:30:00 AM,062XX S KOLMAR AVE,0820,THEFT,$500 AND UNDER,RESIDENCE-GARAGE,false,false,0813,008,13,65,06,1147153,1862822,2014,03/05/2014 12:39:37 AM,41.77954336610173,-87.73607097060035,"(41.77954336610173, -87.73607097060035)"
9514976,HX170426,03/03/2014 12:30:00 AM,044XX S HONORE ST,1320,CRIMINAL DAMAGE,TO VEHICLE,STREET,false,false,0924,009,12,61,14,1164725,1875076,2014,03/05/2014 12:39:37 AM,41.81281686773512,-87.67130351483337,"(41.81281686773512, -87.67130351483337)"
9515001,HX170427,03/03/2014 12:30:00 AM,006XX W GARFIELD BLVD,0820,THEFT,$500 AND UNDER,APARTMENT,false,false,0935,009,3,61,06,1173140,1868464,2014,03/05/2014 12:39:37 AM,41.7944908283433,-87.64063266719808,"(41.7944908283433, -87.64063266719808)"
9514903,HX170349,03/03/2014 12:25:00 AM,079XX S INGLESIDE AVE,0470,PUBLIC PEACE VIOLATION,RECKLESS CONDUCT,STREET,true,false,0624,006,8,44,24,1183906,1852333,2014,03/05/2014 12:39:37 AM,41.74998102466071,-87.60165766062711,"(41.74998102466071, -87.60165766062711)"
9514934,HX170338,03/03/2014 12:25:00 AM,073XX S SOUTH SHORE DR,0560,ASSAULT,SIMPLE,APARTMENT,false,false,0334,003,7,43,08A,1195334,1857264,2014,03/05/2014 12:39:37 AM,41.76323774716129,-87.55961875231725,"(41.76323774716129, -87.55961875231725)"
9514894,HX170340,03/03/2014 12:05:00 AM,001XX N KILBOURN AVE,0910,MOTOR VEHICLE THEFT,AUTOMOBILE,STREET,false,false,1113,011,28,26,07,1146406,1900437,2014,03/07/2014 12:40:58 AM,41.882778435415425,-87.7378536885534,"(41.882778435415425, -87.7378536885534)"
9514892,HX170337,03/03/2014 12:04:00 AM,082XX S PEORIA ST,2027,NARCOTICS,POSS: CRACK,STREET,true,false,0613,006,21,71,18,1171778,1850404,2014,03/05/2014 12:39:37 AM,41.74496201396294,-87.64615619134985,"(41.74496201396294, -87.64615619134985)"
9514885,HX170333,03/03/2014 12:04:00 AM,035XX S STATE ST,2820,OTHER OFFENSE,TELEPHONE THREAT,RESIDENCE,false,false,0213,002,3,35,26,1176806,1881707,2014,03/05/2014 12:39:37 AM,41.83074895466005,-87.62679036310668,"(41.83074895466005, -87.62679036310668)"
9515269,HX170941,03/03/2014 12:04:00 AM,071XX S CARPENTER ST,1150,DECEPTIVE PRACTICE,CREDIT CARD FRAUD,RESIDENCE,false,false,0733,007,17,68,11,1170517,1857139,2014,03/05/2014 12:39:37 AM,41.76347127714129,-87.65058083800784,"(41.76347127714129, -87.65058083800784)"
9514905,HX170336,03/03/2014 12:02:00 AM,070XX W DIVERSEY AVE,0486,BATTERY,DOMESTIC BATTERY SIMPLE,APARTMENT,false,true,2512,025,36,18,08B,1128752,1917782,2014,03/05/2014 12:39:37 AM,41.930693306302686,-87.80228667717084,"(41.930693306302686, -87.80228667717084)"
9517704,HX173185,03/03/2014 12:01:00 AM,082XX S VERNON AVE,1150,DECEPTIVE PRACTICE,CREDIT CARD FRAUD,RESIDENCE,false,false,0631,006,6,44,11,1180714,1850628,2014,03/08/2014 12:40:21 AM,41.745376204992766,-87.6134067021692,"(41.745376204992766, -87.6134067021692)"
9517661,HX173025,03/03/2014 12:01:00 AM,053XX S MARYLAND AVE,0840,THEFT,FINANCIAL ID THEFT: OVER $300,RESIDENCE,false,false,0233,002,5,41,06,1182859,1869621,2014,03/08/2014 12:40:21 AM,41.797445303587374,-87.60495774316188,"(41.797445303587374, -87.60495774316188)"
9515739,HX171627,03/03/2014 12:01:00 AM,051XX S EMERALD AVE,1152,DECEPTIVE PRACTICE,ILLEGAL USE CASH CARD,RESIDENCE,false,false,0935,009,3,61,11,1172223,1870636,2014,03/06/2014 12:40:43 AM,41.800471254544334,-87.64393139424016,"(41.800471254544334, -87.64393139424016)"
9514889,HX170332,03/03/2014 12:01:00 AM,024XX W MADISON ST,1811,NARCOTICS,POSS: CANNABIS 30GMS OR LESS,SIDEWALK,true,false,1222,012,2,28,18,1160357,1899988,2014,03/05/2014 12:39:37 AM,41.881269276113905,-87.68663738227967,"(41.881269276113905, -87.68663738227967)"
9518323,HX173802,03/03/2014 12:00:00 AM,017XX N LUNA AVE,1150,DECEPTIVE PRACTICE,CREDIT CARD FRAUD,OTHER,false,false,2532,025,37,25,11,1139097,1910854,2014,03/07/2014 12:40:58 AM,41.91149998876282,-87.76443931668908,"(41.91149998876282, -87.76443931668908)"
9516614,HX172038,03/03/2014 12:00:00 AM,076XX S MAY ST,1152,DECEPTIVE PRACTICE,ILLEGAL USE CASH CARD,RESIDENCE,false,false,0612,006,17,71,11,1170014,1854191,2014,03/09/2014 12:39:51 AM,41.75539252436101,-87.65250994758621,"(41.75539252436101, -87.65250994758621)"
9521966,HX176713,03/03/2014 12:00:00 AM,006XX W 79TH ST,1753,OFFENSE INVOLVING CHILDREN,SEX ASSLT OF CHILD BY FAM MBR,RESIDENCE,false,false,0621,,17,69,02,,,2014,03/09/2014 12:39:51 AM,,,
9520840,HX175656,03/03/2014 12:00:00 AM,083XX S ASHLAND AVE,0281,CRIM SEXUAL ASSAULT,NON-AGGRAVATED,PARKING LOT/GARAGE(NON.RESID.),false,false,0614,006,21,71,02,1167164,1849431,2014,03/09/2014 12:39:51 AM,41.74239183142184,-87.66309036177171,"(41.74239183142184, -87.66309036177171)"
9519620,HX174561,03/03/2014 12:00:00 AM,033XX W BEACH AVE,1150,DECEPTIVE PRACTICE,CREDIT CARD FRAUD,OTHER,false,false,1422,014,26,23,11,1153901,1909401,2014,03/09/2014 12:39:51 AM,41.90723050466398,-87.71009250237968,"(41.90723050466398, -87.71009250237968)"
9516688,HX172198,03/03/2014 12:00:00 AM,084XX S VINCENNES AVE,2825,OTHER OFFENSE,HARASSMENT BY TELEPHONE,APARTMENT,false,false,0622,006,21,71,26,1173663,1848604,2014,03/08/2014 12:40:21 AM,41.73998106394178,-87.6393024809428,"(41.73998106394178, -87.6393024809428)"
9514863,HX170320,03/02/2014 11:30:00 PM,042XX W CULLERTON ST,0460,BATTERY,SIMPLE,APARTMENT,false,false,1012,010,24,29,08B,1148594,1890047,2014,03/06/2014 12:40:43 AM,41.854225097567216,-87.73008731348443,"(41.854225097567216, -87.73008731348443)"
9514878,HX170328,03/02/2014 11:20:00 PM,127XX S WALLACE ST,1310,CRIMINAL DAMAGE,TO PROPERTY,RESIDENCE,false,true,0523,005,9,53,14,1174587,1820411,2014,03/06/2014 12:40:43 AM,41.66259479867776,-87.63675255369961,"(41.66259479867776, -87.63675255369961)"
9514966,HX170418,03/02/2014 11:15:00 PM,017XX W THORNDALE AVE,0820,THEFT,$500 AND UNDER,STREET,false,false,2012,020,40,77,06,1163900,1939005,2014,03/05/2014 12:39:37 AM,41.988260151978515,-87.67252339617738,"(41.988260151978515, -87.67252339617738)"
9516792,HX172224,03/02/2014 11:15:00 PM,049XX W HIRSCH ST,0486,BATTERY,DOMESTIC BATTERY SIMPLE,RESIDENCE,false,true,2533,025,37,25,08B,1143031,1908895,2014,03/07/2014 12:40:58 AM,41.906051766762104,-87.75003580724024,"(41.906051766762104, -87.75003580724024)"
9514870,HX170313,03/02/2014 11:15:00 PM,022XX S PULASKI RD,1811,NARCOTICS,POSS: CANNABIS 30GMS OR LESS,STREET,true,false,1013,010,22,29,18,1150017,1888930,2014,03/05/2014 12:39:37 AM,41.85113235912374,-87.72489334012005,"(41.85113235912374, -87.72489334012005)"
9514864,HX170319,03/02/2014 11:13:00 PM,036XX S KEDZIE AVE,1811,NARCOTICS,POSS: CANNABIS 30GMS OR LESS,STREET,true,false,0911,009,12,58,18,1155581,1880536,2014,03/05/2014 12:39:37 AM,41.82798822039725,-87.70469758917982,"(41.82798822039725, -87.70469758917982)"
9514913,HX170354,03/02/2014 11:08:00 PM,096XX S MERRILL AVE,0486,BATTERY,DOMESTIC BATTERY SIMPLE,APARTMENT,false,true,0431,004,7,51,08B,1192401,1841567,2014,03/08/2014 12:40:21 AM,41.720235681064715,-87.5708782883313,"(41.720235681064715, -87.5708782883313)"
9514897,HX170321,03/02/2014 11:03:00 PM,0000X S HAMLIN BLVD,1812,NARCOTICS,POSS: CANNABIS MORE THAN 30GMS,SIDEWALK,true,false,1122,011,28,27,18,1151109,1899711,2014,03/05/2014 12:39:37 AM,41.8806953659956,-87.72060300432791,"(41.8806953659956, -87.72060300432791)"
9514898,HX170342,03/02/2014 11:03:00 PM,064XX S HOYNE AVE,0560,ASSAULT,SIMPLE,RESIDENCE,false,false,0726,007,15,67,08A,1163512,1861854,2014,03/06/2014 12:40:43 AM,41.776559593562084,-87.67612360685983,"(41.776559593562084, -87.67612360685983)"
9516047,HX171751,03/02/2014 11:00:00 PM,076XX S EGGLESTON AVE,0820,THEFT,$500 AND UNDER,STREET,false,false,0621,006,17,69,06,1174655,1854378,2014,03/07/2014 12:40:58 AM,41.75580363235279,-87.63549636660623,"(41.75580363235279, -87.63549636660623)"
9515077,HX170678,03/02/2014 11:00:00 PM,021XX W WASHINGTON BLVD,0486,BATTERY,DOMESTIC BATTERY SIMPLE,RESIDENCE,false,true,1223,012,2,28,08B,1162219,1900708,2014,03/09/2014 12:39:51 AM,41.88320631246407,-87.67978008339547,"(41.88320631246407, -87.67978008339547)"
9514985,HX170434,03/02/2014 11:00:00 PM,005XX N MAY ST,1320,CRIMINAL DAMAGE,TO VEHICLE,STREET,false,false,1214,012,27,24,14,1168766,1903760,2014,03/05/2014 12:39:37 AM,41.89144188032153,-87.65565070777153,"(41.89144188032153, -87.65565070777153)"
9514891,HX170316,03/02/2014 11:00:00 PM,090XX S DAUPHIN AVE,0486,BATTERY,DOMESTIC BATTERY SIMPLE,APARTMENT,false,true,0633,006,8,44,08B,1183622,1844941,2014,03/05/2014 12:39:37 AM,41.72970318942981,-87.60292824908383,"(41.72970318942981, -87.60292824908383)"
9514873,HX170335,03/02/2014 11:00:00 PM,050XX N WINTHROP AVE,0530,ASSAULT,AGGRAVATED: OTHER DANG WEAPON,APARTMENT,true,false,2033,020,48,3,04A,1167911,1934021,2014,03/05/2014 12:39:37 AM,41.97449805431988,-87.65791519170006,"(41.97449805431988, -87.65791519170006)"
9514908,HX170361,03/02/2014 11:00:00 PM,002XX W NORTH AVE,0810,THEFT,OVER $500,ATHLETIC CLUB,false,false,1814,018,43,7,06,1174055,1911024,2014,03/05/2014 12:39:37 AM,41.91125840483872,-87.63601001468318,"(41.91125840483872, -87.63601001468318)"
9514875,HX170300,03/02/2014 10:50:00 PM,105XX S WABASH AVE,1310,CRIMINAL DAMAGE,TO PROPERTY,RESIDENCE PORCH/HALLWAY,true,true,0512,005,9,49,14,1178395,1835255,2014,03/05/2014 12:39:37 AM,41.70324364244449,-87.62236907764316,"(41.70324364244449, -87.62236907764316)"
9514929,HX170314,03/02/2014 10:47:00 PM,058XX S HALSTED ST,0610,BURGLARY,FORCIBLE ENTRY,APPLIANCE STORE,false,false,0711,007,20,68,05,1172017,1865825,2014,03/06/2014 12:40:43 AM,41.78727387946496,-87.6448281634878,"(41.78727387946496, -87.6448281634878)"
9514951,HX170295,03/02/2014 10:45:00 PM,011XX S SACRAMENTO BLVD,0486,BATTERY,DOMESTIC BATTERY SIMPLE,APARTMENT,false,true,1134,011,28,29,08B,1156491,1895007,2014,03/07/2014 12:40:58 AM,41.867679972037756,-87.70096792212017,"(41.867679972037756, -87.70096792212017)"
9514860,HX170324,03/02/2014 10:45:00 PM,017XX W 47TH ST,1310,CRIMINAL DAMAGE,TO PROPERTY,OTHER,true,false,0924,009,20,61,14,1165355,1873571,2014,03/05/2014 12:39:37 AM,41.808673634301094,-87.66903533031193,"(41.808673634301094, -87.66903533031193)"
9514834,HX170298,03/02/2014 10:40:00 PM,059XX S CALIFORNIA AVE,3731,INTERFERENCE WITH PUBLIC OFFICER,OBSTRUCTING IDENTIFICATION,STREET,true,false,0824,008,16,66,24,1158684,1865247,2014,03/05/2014 12:39:37 AM,41.78597035387293,-87.69373040469787,"(41.78597035387293, -87.69373040469787)"
9514896,HX170290,03/02/2014 10:38:00 PM,071XX S PRINCETON AVE,0486,BATTERY,DOMESTIC BATTERY SIMPLE,STREET,false,true,0731,007,6,69,08B,1175566,1857779,2014,03/08/2014 12:40:21 AM,41.765116048791384,-87.63205617192088,"(41.765116048791384, -87.63205617192088)"
9514868,HX170317,03/02/2014 10:36:00 PM,032XX E 92ND ST,0420,BATTERY,AGGRAVATED:KNIFE/CUTTING INSTR,RESIDENCE PORCH/HALLWAY,true,true,0424,004,10,46,04B,1199354,1844615,2014,03/05/2014 12:39:37 AM,41.7284278375079,-87.54530960516689,"(41.7284278375079, -87.54530960516689)"
9514859,HX170302,03/02/2014 10:35:00 PM,013XX W 56TH ST,0486,BATTERY,DOMESTIC BATTERY SIMPLE,RESIDENCE,true,true,0713,007,16,67,08B,1168206,1867583,2014,03/05/2014 12:39:37 AM,41.792180935360555,-87.65875084188835,"(41.792180935360555, -87.65875084188835)"
9514895,HX170285,03/02/2014 10:32:00 PM,057XX S HERMITAGE AVE,0486,BATTERY,DOMESTIC BATTERY SIMPLE,STREET,false,true,0715,007,15,67,08B,1165704,1866426,2014,03/05/2014 12:39:37 AM,41.78905949222303,-87.6679581252963,"(41.78905949222303, -87.6679581252963)"
9514906,HX170334,03/02/2014 10:30:00 PM,115XX S STATE ST,0910,MOTOR VEHICLE THEFT,AUTOMOBILE,VEHICLE NON-COMMERCIAL,false,false,0522,005,34,53,07,1178290,1827965,2014,03/05/2014 12:39:37 AM,41.68324121088285,-87.62297370737258,"(41.68324121088285, -87.62297370737258)"
9514865,HX170308,03/02/2014 10:30:00 PM,057XX S PRAIRIE AVE,051B,ASSAULT,AGGRAVATED: OTHER FIREARM,ALLEY,false,false,0232,002,20,40,04A,1178983,1866923,2014,03/06/2014 12:40:43 AM,41.79013098311615,-87.61925363367034,"(41.79013098311615, -87.61925363367034)"
9514962,HX170403,03/02/2014 10:30:00 PM,039XX W WILCOX ST,0820,THEFT,$500 AND UNDER,RESIDENCE,false,false,1122,011,28,26,06,1150110,1899085,2014,03/05/2014 12:39:37 AM,41.87899706615933,-87.72428758802027,"(41.87899706615933, -87.72428758802027)"
9515402,HX171109,03/02/2014 10:30:00 PM,040XX W CERMAK RD,0486,BATTERY,DOMESTIC BATTERY SIMPLE,STREET,false,true,1012,010,24,29,08B,1149985,1889119,2014,03/07/2014 12:40:58 AM,41.85165162079968,-87.72500587411126,"(41.85165162079968, -87.72500587411126)"
9515369,HX170293,03/02/2014 10:29:00 PM,074XX S KINGSTON AVE,0820,THEFT,$500 AND UNDER,APARTMENT,true,false,0334,003,7,43,06,1194340,1855980,2014,03/08/2014 12:40:21 AM,41.75973883239826,-87.56330400312115,"(41.75973883239826, -87.56330400312115)"
9514852,HX170294,03/02/2014 10:27:00 PM,104XX S WENTWORTH AVE,1811,NARCOTICS,POSS: CANNABIS 30GMS OR LESS,STREET,true,false,0512,005,34,49,18,1176761,1835574,2014,03/05/2014 12:39:37 AM,41.70415588542038,-87.62834282945566,"(41.70415588542038, -87.62834282945566)"
9514900,HX170303,03/02/2014 10:25:00 PM,006XX E 67TH ST,0530,ASSAULT,AGGRAVATED: OTHER DANG WEAPON,STREET,true,false,0321,003,20,42,04A,1182011,1860781,2014,03/05/2014 12:39:37 AM,41.773207214116795,-87.60834078666844,"(41.773207214116795, -87.60834078666844)"
9514850,HX170289,03/02/2014 10:20:00 PM,030XX W AINSLIE ST,1305,CRIMINAL DAMAGE,CRIMINAL DEFACEMENT,RESIDENCE,true,false,1713,017,33,14,14,1154858,1932349,2014,03/05/2014 12:39:37 AM,41.97018235863255,-87.70596008062192,"(41.97018235863255, -87.70596008062192)"
9514874,HX170272,03/02/2014 10:15:00 PM,088XX S ESCANABA AVE,0460,BATTERY,SIMPLE,APARTMENT,true,false,0423,004,10,46,08B,1196962,1846948,2014,03/05/2014 12:39:37 AM,41.734889540078285,-87.55399442133226,"(41.734889540078285, -87.55399442133226)"
9514853,HX170291,03/02/2014 10:15:00 PM,005XX N MICHIGAN AVE,0460,BATTERY,SIMPLE,HOTEL/MOTEL,true,false,1834,018,42,8,08B,1177296,1904084,2014,03/05/2014 12:39:37 AM,41.892141811480364,-87.6243145133933,"(41.892141811480364, -87.6243145133933)"
9514824,HX170270,03/02/2014 10:14:00 PM,094XX S INDIANA AVE,2027,NARCOTICS,POSS: CRACK,STREET,true,false,0633,006,6,49,18,1179294,1842389,2014,03/05/2014 12:39:37 AM,41.72279986798,-87.61886039538696,"(41.72279986798, -87.61886039538696)"
9514858,HX170286,03/02/2014 10:13:00 PM,084XX W WINDSOR AVE,0560,ASSAULT,SIMPLE,STREET,true,false,1614,016,36,76,08A,1119119,1929550,2014,03/05/2014 12:39:37 AM,41.963144505842685,-87.83743654566317,"(41.963144505842685, -87.83743654566317)"
9514839,HX170287,03/02/2014 10:10:00 PM,030XX W 63RD ST,1811,NARCOTICS,POSS: CANNABIS 30GMS OR LESS,SIDEWALK,true,false,0823,008,15,66,18,1157367,1862672,2014,03/05/2014 12:39:37 AM,41.77893096626254,-87.69862889543381,"(41.77893096626254, -87.69862889543381)"
